Year,Year Code,State,State Code,Deaths,Population,Crude Rate
2000,2000,Alabama,01,591,4447100,13.3
2000,2000,Alaska,02,137,626932,21.9
2000,2000,Arizona,04,793,5130632,15.5
2000,2000,Arkansas,05,353,2673400,13.2
2000,2000,California,06,3014,33871648,8.9
2000,2000,Colorado,08,621,4301261,14.4
2000,2000,Connecticut,09,314,3405565,9.2
2000,2000,Delaware,10,82,783600,10.5
2000,2000,District of Columbia,11,27,572059,4.7
2000,2000,Florida,12,2119,15982378,13.3
2000,2000,Georgia,13,871,8186453,10.6
2000,2000,Hawaii,15,137,1211537,11.3
2000,2000,Idaho,16,168,1293953,13
2000,2000,Illinois,17,1028,12419293,8.3
2000,2000,Indiana,18,701,6080485,11.5
2000,2000,Iowa,19,294,2926324,10
2000,2000,Kansas,20,328,2688418,12.2
2000,2000,Kentucky,21,527,4041769,13
2000,2000,Louisiana,22,479,4468976,10.7
2000,2000,Maine,23,155,1274923,12.2
2000,2000,Maryland,24,487,5296486,9.2
2000,2000,Massachusetts,25,390,6349097,6.1
2000,2000,Michigan,26,995,9938444,10
2000,2000,Minnesota,27,446,4919479,9.1
2000,2000,Mississippi,28,302,2844658,10.6
2000,2000,Missouri,29,712,5595211,12.7
2000,2000,Montana,30,158,902195,17.5
2000,2000,Nebraska,31,193,1711263,11.3
2000,2000,Nevada,32,406,1998257,20.3
2000,2000,New Hampshire,33,136,1235786,11
2000,2000,New Jersey,34,569,8414350,6.8
2000,2000,New Mexico,35,328,1819046,18
2000,2000,New York,36,1149,18976457,6.1
2000,2000,North Carolina,37,981,8049313,12.2
2000,2000,North Dakota,38,69,642200,10.7
2000,2000,Ohio,39,1109,11353140,9.8
2000,2000,Oklahoma,40,504,3450654,14.6
2000,2000,Oregon,41,501,3421399,14.6
2000,2000,Pennsylvania,42,1382,12281054,11.3
2000,2000,Rhode Island,44,77,1048319,7.3
2000,2000,South Carolina,45,448,4012012,11.2
2000,2000,South Dakota,46,95,754844,12.6
2000,2000,Tennessee,47,739,5689283,13
2000,2000,Texas,48,2101,20851820,10.1
2000,2000,Utah,49,299,2233169,13.4
2000,2000,Vermont,50,78,608827,12.8
2000,2000,Virginia,51,773,7078515,10.9
2000,2000,Washington,53,734,5894121,12.5
2000,2000,West Virginia,54,247,1808344,13.7
2000,2000,Wisconsin,55,604,5363675,11.3
2000,2000,Wyoming,56,85,493782,17.2
2001,2001,Alabama,01,519,4467634,11.6
2001,2001,Alaska,02,103,633714,16.3
2001,2001,Arizona,04,777,5273477,14.7
2001,2001,Arkansas,05,387,2691571,14.4
2001,2001,California,06,2883,34479458,8.4
2001,2001,Colorado,08,728,4425687,16.4
2001,2001,Connecticut,09,286,3432835,8.3
2001,2001,Delaware,10,109,795699,13.7
2001,2001,District of Columbia,11,41,574504,7.1
2001,2001,Florida,12,2333,16356966,14.3
2001,2001,Georgia,13,961,8377038,11.5
2001,2001,Hawaii,15,136,1225948,11.1
2001,2001,Idaho,16,213,1319962,16.1
2001,2001,Illinois,17,1156,12488445,9.3
2001,2001,Indiana,18,731,6127760,11.9
2001,2001,Iowa,19,306,2931997,10.4
2001,2001,Kansas,20,297,2702162,11
2001,2001,Kentucky,21,499,4068132,12.3
2001,2001,Louisiana,22,503,4477875,11.2
2001,2001,Maine,23,162,1285692,12.6
2001,2001,Maryland,24,468,5374691,8.7
2001,2001,Massachusetts,25,428,6397634,6.7
2001,2001,Michigan,26,1081,9991120,10.8
2001,2001,Minnesota,27,490,4982796,9.8
2001,2001,Mississippi,28,334,2852994,11.7
2001,2001,Missouri,29,764,5641142,13.5
2001,2001,Montana,30,178,906961,19.6
2001,2001,Nebraska,31,187,1719836,10.9
2001,2001,Nevada,32,392,2098399,18.7
2001,2001,New Hampshire,33,167,1255517,13.3
2001,2001,New Jersey,34,596,8492671,7
2001,2001,New Mexico,35,365,1831690,19.9
2001,2001,New York,36,1285,19082838,6.7
2001,2001,North Carolina,37,1004,8210122,12.2
2001,2001,North Dakota,38,80,639062,12.5
2001,2001,Ohio,39,1244,11387404,10.9
2001,2001,Oklahoma,40,521,3467100,15
2001,2001,Oregon,41,513,3467937,14.8
2001,2001,Pennsylvania,42,1288,12298970,10.5
2001,2001,Rhode Island,44,89,1057142,8.4
2001,2001,South Carolina,45,473,4064995,11.6
2001,2001,South Dakota,46,106,757972,14
2001,2001,Tennessee,47,720,5750789,12.5
2001,2001,Texas,48,2255,21319622,10.6
2001,2001,Utah,49,321,2283715,14.1
2001,2001,Vermont,50,75,612223,12.3
2001,2001,Virginia,51,801,7198362,11.1
2001,2001,Washington,53,717,5985722,12
2001,2001,West Virginia,54,288,1801481,16
2001,2001,Wisconsin,55,654,5406835,12.1
2001,2001,Wyoming,56,85,494657,17.2
2002,2002,Alabama,01,527,4480089,11.8
2002,2002,Alaska,02,132,642337,20.5
2002,2002,Arizona,04,894,5396255,16.6
2002,2002,Arkansas,05,381,2705927,14.1
2002,2002,California,06,3308,34871843,9.5
2002,2002,Colorado,08,731,4490406,16.3
2002,2002,Connecticut,09,261,3458749,7.5
2002,2002,Delaware,10,74,806169,9.2
2002,2002,District of Columbia,11,32,573158,5.6
2002,2002,Florida,12,2372,16689370,14.2
2002,2002,Georgia,13,931,8508256,10.9
2002,2002,Hawaii,15,120,1239613,9.7
2002,2002,Idaho,16,203,1340372,15.1
2002,2002,Illinois,17,1174,12525556,9.4
2002,2002,Indiana,18,750,6155967,12.2
2002,2002,Iowa,19,318,2934234,10.8
2002,2002,Kansas,20,350,2713535,12.9
2002,2002,Kentucky,21,546,4089875,13.4
2002,2002,Louisiana,22,514,4497267,11.4
2002,2002,Maine,23,167,1295960,12.9
2002,2002,Maryland,24,483,5440389,8.9
2002,2002,Massachusetts,25,441,6417206,6.9
2002,2002,Michigan,26,1128,10015710,11.3
2002,2002,Minnesota,27,503,5018935,10
2002,2002,Mississippi,28,350,2858681,12.2
2002,2002,Missouri,29,704,5674825,12.4
2002,2002,Montana,30,184,911667,20.2
2002,2002,Nebraska,31,201,1728292,11.6
2002,2002,Nevada,32,426,2173791,19.6
2002,2002,New Hampshire,33,134,1269089,10.6
2002,2002,New Jersey,34,561,8552643,6.6
2002,2002,New Mexico,35,350,1855309,18.9
2002,2002,New York,36,1248,19137800,6.5
2002,2002,North Carolina,37,993,8326201,11.9
2002,2002,North Dakota,38,93,638168,14.6
2002,2002,Ohio,39,1299,11407889,11.4
2002,2002,Oklahoma,40,504,3489080,14.4
2002,2002,Oregon,41,522,3513424,14.9
2002,2002,Pennsylvania,42,1357,12331031,11
2002,2002,Rhode Island,44,88,1065995,8.3
2002,2002,South Carolina,45,442,4107795,10.8
2002,2002,South Dakota,46,96,760020,12.6
2002,2002,Tennessee,47,786,5795918,13.6
2002,2002,Texas,48,2333,21690325,10.8
2002,2002,Utah,49,344,2324815,14.8
2002,2002,Vermont,50,92,615442,14.9
2002,2002,Virginia,51,813,7286873,11.2
2002,2002,Washington,53,820,6052349,13.5
2002,2002,West Virginia,54,278,1805414,15.4
2002,2002,Wisconsin,55,643,5445162,11.8
2002,2002,Wyoming,56,105,500017,21
2003,2003,Alabama,01,533,4503491,11.8
2003,2003,Alaska,02,124,648414,19.1
2003,2003,Arizona,04,846,5510364,15.4
2003,2003,Arkansas,05,378,2724816,13.9
2003,2003,California,06,3468,35253159,9.8
2003,2003,Colorado,08,734,4528732,16.2
2003,2003,Connecticut,09,279,3484336,8
2003,2003,Delaware,10,95,818003,11.6
2003,2003,District of Columbia,11,40,568502,7
2003,2003,Florida,12,2315,17004085,13.6
2003,2003,Georgia,13,1012,8622793,11.7
2003,2003,Hawaii,15,132,1251154,10.6
2003,2003,Idaho,16,217,1363380,15.9
2003,2003,Illinois,17,1028,12556006,8.2
2003,2003,Indiana,18,747,6196638,12.1
2003,2003,Iowa,19,353,2941999,12
2003,2003,Kansas,20,350,2723004,12.9
2003,2003,Kentucky,21,573,4117170,13.9
2003,2003,Louisiana,22,468,4521042,10.4
2003,2003,Maine,23,139,1306513,10.6
2003,2003,Maryland,24,508,5496269,9.2
2003,2003,Massachusetts,25,436,6422565,6.8
2003,2003,Michigan,26,1052,10041152,10.5
2003,2003,Minnesota,27,501,5053572,9.9
2003,2003,Mississippi,28,343,2868312,12
2003,2003,Missouri,29,696,5709403,12.2
2003,2003,Montana,30,181,919630,19.7
2003,2003,Nebraska,31,179,1738643,10.3
2003,2003,Nevada,32,439,2248850,19.5
2003,2003,New Hampshire,33,159,1279840,12.4
2003,2003,New Jersey,34,595,8601402,6.9
2003,2003,New Mexico,35,349,1877574,18.6
2003,2003,New York,36,1195,19175939,6.2
2003,2003,North Carolina,37,964,8422501,11.4
2003,2003,North Dakota,38,81,638817,12.7
2003,2003,Ohio,39,1082,11434788,9.5
2003,2003,Oklahoma,40,481,3504892,13.7
2003,2003,Oregon,41,598,3547376,16.9
2003,2003,Pennsylvania,42,1356,12374658,11
2003,2003,Rhode Island,44,86,1071342,8
2003,2003,South Carolina,45,479,4150297,11.5
2003,2003,South Dakota,46,102,763729,13.4
2003,2003,Tennessee,47,769,5847812,13.2
2003,2003,Texas,48,2382,22030931,10.8
2003,2003,Utah,49,339,2360137,14.4
2003,2003,Vermont,50,84,617858,13.6
2003,2003,Virginia,51,815,7366977,11.1
2003,2003,Washington,53,811,6104115,13.3
2003,2003,West Virginia,54,270,1812295,14.9
2003,2003,Wisconsin,55,653,5479203,11.9
2003,2003,Wyoming,56,111,503453,22
2004,2004,Alabama,01,562,4530729,12.4
2004,2004,Alaska,02,156,659286,23.7
2004,2004,Arizona,04,886,5652404,15.7
2004,2004,Arkansas,05,364,2749686,13.2
2004,2004,California,06,3440,35574576,9.7
2004,2004,Colorado,08,802,4575013,17.5
2004,2004,Connecticut,09,298,3496094,8.5
2004,2004,Delaware,10,93,830803,11.2
2004,2004,District of Columbia,11,35,567754,6.2
2004,2004,Florida,12,2413,17415318,13.9
2004,2004,Georgia,13,998,8769252,11.4
2004,2004,Hawaii,15,117,1273569,9.2
2004,2004,Idaho,16,237,1391802,17
2004,2004,Illinois,17,1044,12589773,8.3
2004,2004,Indiana,18,712,6233007,11.4
2004,2004,Iowa,19,346,2953635,11.7
2004,2004,Kansas,20,372,2734373,13.6
2004,2004,Kentucky,21,565,4146101,13.6
2004,2004,Louisiana,22,542,4552238,11.9
2004,2004,Maine,23,171,1313688,13
2004,2004,Maryland,24,505,5546935,9.1
2004,2004,Massachusetts,25,432,6412281,6.7
2004,2004,Michigan,26,1113,10055315,11.1
2004,2004,Minnesota,27,535,5087713,10.5
2004,2004,Mississippi,28,355,2889010,12.3
2004,2004,Missouri,29,733,5747741,12.8
2004,2004,Montana,30,175,930009,18.8
2004,2004,Nebraska,31,167,1749370,9.5
2004,2004,Nevada,32,443,2346222,18.9
2004,2004,New Hampshire,33,135,1290121,10.5
2004,2004,New Jersey,34,607,8634561,7
2004,2004,New Mexico,35,362,1903808,19
2004,2004,New York,36,1205,19171567,6.3
2004,2004,North Carolina,37,1039,8553152,12.1
2004,2004,North Dakota,38,75,644705,11.6
2004,2004,Ohio,39,1342,11452251,11.7
2004,2004,Oklahoma,40,508,3525233,14.4
2004,2004,Oregon,41,559,3569463,15.7
2004,2004,Pennsylvania,42,1423,12410722,11.5
2004,2004,Rhode Island,44,85,1074579,7.9
2004,2004,South Carolina,45,484,4210921,11.5
2004,2004,South Dakota,46,112,770396,14.5
2004,2004,Tennessee,47,800,5910809,13.5
2004,2004,Texas,48,2326,22394023,10.4
2004,2004,Utah,49,377,2401580,15.7
2004,2004,Vermont,50,94,619920,15.2
2004,2004,Virginia,51,833,7475575,11.1
2004,2004,Washington,53,836,6178645,13.5
2004,2004,West Virginia,54,285,1816438,15.7
2004,2004,Wisconsin,55,667,5514026,12.1
2004,2004,Wyoming,56,89,509106,17.5
2005,2005,Alabama,01,552,4569805,12.1
2005,2005,Alaska,02,131,666946,19.6
2005,2005,Arizona,04,953,5839077,16.3
2005,2005,Arkansas,05,403,2781097,14.5
2005,2005,California,06,3275,35827943,9.1
2005,2005,Colorado,08,809,4631888,17.5
2005,2005,Connecticut,09,298,3506956,8.5
2005,2005,Delaware,10,83,845150,9.8
2005,2005,District of Columbia,11,36,567136,6.3
2005,2005,Florida,12,2370,17842038,13.3
2005,2005,Georgia,13,942,8925922,10.6
2005,2005,Hawaii,15,108,1292729,8.4
2005,2005,Idaho,16,229,1428241,16
2005,2005,Illinois,17,1105,12609903,8.8
2005,2005,Indiana,18,750,6278616,11.9
2005,2005,Iowa,19,336,2964454,11.3
2005,2005,Kansas,20,362,2745299,13.2
2005,2005,Kentucky,21,566,4182742,13.5
2005,2005,Louisiana,22,514,4576628,11.2
2005,2005,Maine,23,175,1318787,13.3
2005,2005,Maryland,24,491,5592379,8.8
2005,2005,Massachusetts,25,483,6403290,7.5
2005,2005,Michigan,26,1119,10051137,11.1
2005,2005,Minnesota,27,547,5119598,10.7
2005,2005,Mississippi,28,367,2905943,12.6
2005,2005,Missouri,29,737,5790300,12.7
2005,2005,Montana,30,208,940102,22.1
2005,2005,Nebraska,31,190,1761497,10.8
2005,2005,Nevada,32,483,2432143,19.9
2005,2005,New Hampshire,33,164,1298492,12.6
2005,2005,New Jersey,34,542,8651974,6.3
2005,2005,New Mexico,35,343,1932274,17.8
2005,2005,New York,36,1214,19132610,6.3
2005,2005,North Carolina,37,1015,8705407,11.7
2005,2005,North Dakota,38,92,646089,14.2
2005,2005,Ohio,39,1363,11463320,11.9
2005,2005,Oklahoma,40,530,3548597,14.9
2005,2005,Oregon,41,564,3613202,15.6
2005,2005,Pennsylvania,42,1441,12449990,11.6
2005,2005,Rhode Island,44,71,1067916,6.6
2005,2005,South Carolina,45,518,4270150,12.1
2005,2005,South Dakota,46,122,775493,15.7
2005,2005,Tennessee,47,869,5991057,14.5
2005,2005,Texas,48,2446,22778123,10.7
2005,2005,Utah,49,351,2457719,14.3
2005,2005,Vermont,50,79,621215,12.7
2005,2005,Virginia,51,870,7577105,11.5
2005,2005,Washington,53,828,6257305,13.2
2005,2005,West Virginia,54,258,1820492,14.2
2005,2005,Wisconsin,55,651,5546166,11.7
2005,2005,Wyoming,56,91,514157,17.7
2006,2006,Alabama,01,587,4628981,12.7
2006,2006,Alaska,02,136,675302,20.1
2006,2006,Arizona,04,986,6029141,16.4
2006,2006,Arkansas,05,379,2821761,13.4
2006,2006,California,06,3441,36021202,9.6
2006,2006,Colorado,08,737,4720423,15.6
2006,2006,Connecticut,09,294,3517460,8.4
2006,2006,Delaware,10,92,859268,10.7
2006,2006,District of Columbia,11,31,570681,5.4
2006,2006,Florida,12,2469,18166990,13.6
2006,2006,Georgia,13,937,9155813,10.2
2006,2006,Hawaii,15,123,1309731,9.4
2006,2006,Idaho,16,222,1468669,15.1
2006,2006,Illinois,17,1023,12643955,8.1
2006,2006,Indiana,18,835,6332669,13.2
2006,2006,Iowa,19,334,2982644,11.2
2006,2006,Kansas,20,382,2762931,13.8
2006,2006,Kentucky,21,625,4219239,14.8
2006,2006,Louisiana,22,498,4302665,11.6
2006,2006,Maine,23,159,1323619,12
2006,2006,Maryland,24,518,5627367,9.2
2006,2006,Massachusetts,25,458,6410084,7.1
2006,2006,Michigan,26,1154,10036081,11.5
2006,2006,Minnesota,27,560,5163555,10.8
2006,2006,Mississippi,28,328,2904978,11.3
2006,2006,Missouri,29,808,5842704,13.8
2006,2006,Montana,30,189,952692,19.8
2006,2006,Nebraska,31,202,1772693,11.4
2006,2006,Nevada,32,490,2522658,19.4
2006,2006,New Hampshire,33,152,1308389,11.6
2006,2006,New Jersey,34,592,8661679,6.8
2006,2006,New Mexico,35,358,1962137,18.2
2006,2006,New York,36,1368,19104631,7.2
2006,2006,North Carolina,37,1112,8917270,12.5
2006,2006,North Dakota,38,90,649422,13.9
2006,2006,Ohio,39,1350,11481213,11.8
2006,2006,Oklahoma,40,545,3594090,15.2
2006,2006,Oregon,41,580,3670883,15.8
2006,2006,Pennsylvania,42,1408,12510809,11.3
2006,2006,Rhode Island,44,90,1063096,8.5
2006,2006,South Carolina,45,528,4357847,12.1
2006,2006,South Dakota,46,127,783033,16.2
2006,2006,Tennessee,47,879,6088766,14.4
2006,2006,Texas,48,2375,23359580,10.2
2006,2006,Utah,49,364,2525507,14.4
2006,2006,Vermont,50,81,622892,13
2006,2006,Virginia,51,882,7673725,11.5
2006,2006,Washington,53,817,6370753,12.8
2006,2006,West Virginia,54,274,1827912,15
2006,2006,Wisconsin,55,676,5577655,12.1
2006,2006,Wyoming,56,118,522667,22.6
2007,2007,Alabama,01,597,4672840,12.8
2007,2007,Alaska,02,150,680300,22
2007,2007,Arizona,04,1026,6167681,16.6
2007,2007,Arkansas,05,407,2848650,14.3
2007,2007,California,06,3683,36250311,10.2
2007,2007,Colorado,08,824,4803868,17.2
2007,2007,Connecticut,09,272,3527270,7.7
2007,2007,Delaware,10,96,871749,11
2007,2007,District of Columbia,11,38,574404,6.6
2007,2007,Florida,12,2619,18367842,14.3
2007,2007,Georgia,13,1004,9349988,10.7
2007,2007,Hawaii,15,135,1315675,10.3
2007,2007,Idaho,16,224,1505105,14.9
2007,2007,Illinois,17,1126,12695866,8.9
2007,2007,Indiana,18,797,6379599,12.5
2007,2007,Iowa,19,324,2999212,10.8
2007,2007,Kansas,20,384,2783785,13.8
2007,2007,Kentucky,21,653,4256672,15.3
2007,2007,Louisiana,22,531,4375581,12.1
2007,2007,Maine,23,191,1327040,14.4
2007,2007,Maryland,24,526,5653408,9.3
2007,2007,Massachusetts,25,520,6431559,8.1
2007,2007,Michigan,26,1146,10001284,11.5
2007,2007,Minnesota,27,579,5207203,11.1
2007,2007,Mississippi,28,402,2928350,13.7
2007,2007,Missouri,29,818,5887612,13.9
2007,2007,Montana,30,196,964706,20.3
2007,2007,Nebraska,31,181,1783440,10.1
2007,2007,Nevada,32,474,2601072,18.2
2007,2007,New Hampshire,33,160,1312540,12.2
2007,2007,New Jersey,34,600,8677885,6.9
2007,2007,New Mexico,35,404,1990070,20.3
2007,2007,New York,36,1415,19132335,7.4
2007,2007,North Carolina,37,1085,9118037,11.9
2007,2007,North Dakota,38,95,652822,14.6
2007,2007,Ohio,39,1316,11500468,11.4
2007,2007,Oklahoma,40,538,3634349,14.8
2007,2007,Oregon,41,600,3722417,16.1
2007,2007,Pennsylvania,42,1455,12563937,11.6
2007,2007,Rhode Island,44,98,1057315,9.3
2007,2007,South Carolina,45,541,4444110,12.2
2007,2007,South Dakota,46,102,791623,12.9
2007,2007,Tennessee,47,850,6175727,13.8
2007,2007,Texas,48,2464,23831983,10.3
2007,2007,Utah,49,382,2597746,14.7
2007,2007,Vermont,50,89,623481,14.3
2007,2007,Virginia,51,886,7751000,11.4
2007,2007,Washington,53,870,6461587,13.5
2007,2007,West Virginia,54,302,1834052,16.5
2007,2007,Wisconsin,55,734,5610775,13.1
2007,2007,Wyoming,56,101,534876,18.9
2008,2008,Alabama,01,608,4718206,12.9
2008,2008,Alaska,02,169,687455,24.6
2008,2008,Arizona,04,979,6280362,15.6
2008,2008,Arkansas,05,450,2874554,15.7
2008,2008,California,06,3863,36604337,10.6
2008,2008,Colorado,08,811,4889730,16.6
2008,2008,Connecticut,09,316,3545579,8.9
2008,2008,Delaware,10,109,883874,12.3
2008,2008,District of Columbia,11,46,580236,7.9
2008,2008,Florida,12,2769,18527305,14.9
2008,2008,Georgia,13,993,9504843,10.4
2008,2008,Hawaii,15,134,1332213,10.1
2008,2008,Idaho,16,253,1534320,16.5
2008,2008,Illinois,17,1215,12747038,9.5
2008,2008,Indiana,18,818,6424806,12.7
2008,2008,Iowa,19,380,3016734,12.6
2008,2008,Kansas,20,339,2808076,12.1
2008,2008,Kentucky,21,613,4289878,14.3
2008,2008,Louisiana,22,539,4435586,12.2
2008,2008,Maine,23,181,1330509,13.6
2008,2008,Maryland,24,519,5684965,9.1
2008,2008,Massachusetts,25,513,6468967,7.9
2008,2008,Michigan,26,1195,9946889,12
2008,2008,Minnesota,27,604,5247018,11.5
2008,2008,Mississippi,28,415,2947806,14.1
2008,2008,Missouri,29,793,5923916,13.4
2008,2008,Montana,30,203,976415,20.8
2008,2008,Nebraska,31,191,1796378,10.6
2008,2008,Nevada,32,532,2653630,20
2008,2008,New Hampshire,33,182,1315906,13.8
2008,2008,New Jersey,34,629,8711090,7.2
2008,2008,New Mexico,35,423,2010662,21
2008,2008,New York,36,1444,19212436,7.5
2008,2008,North Carolina,37,1167,9309449,12.5
2008,2008,North Dakota,38,88,657569,13.4
2008,2008,Ohio,39,1422,11515391,12.3
2008,2008,Oklahoma,40,578,3668976,15.8
2008,2008,Oregon,41,577,3768748,15.3
2008,2008,Pennsylvania,42,1557,12612285,12.3
2008,2008,Rhode Island,44,110,1055003,10.4
2008,2008,South Carolina,45,567,4528996,12.5
2008,2008,South Dakota,46,125,799124,15.6
2008,2008,Tennessee,47,982,6247411,15.7
2008,2008,Texas,48,2577,24309039,10.6
2008,2008,Utah,49,392,2663029,14.7
2008,2008,Vermont,50,95,624151,15.2
2008,2008,Virginia,51,952,7833496,12.2
2008,2008,Washington,53,895,6562231,13.6
2008,2008,West Virginia,54,262,1840310,14.2
2008,2008,Wisconsin,55,749,5640996,13.3
2008,2008,Wyoming,56,124,546043,22.7
2009,2009,Alabama,01,676,4757938,14.2
2009,2009,Alaska,02,143,698895,20.5
2009,2009,Arizona,04,1075,6343154,16.9
2009,2009,Arkansas,05,424,2896843,14.6
2009,2009,California,06,3901,36961229,10.6
2009,2009,Colorado,08,948,4972195,19.1
2009,2009,Connecticut,09,320,3561807,9
2009,2009,Delaware,10,107,891730,12
2009,2009,District of Columbia,11,31,592228,5.2
2009,2009,Florida,12,2891,18652644,15.5
2009,2009,Georgia,13,1150,9620846,12
2009,2009,Hawaii,15,175,1346717,13
2009,2009,Idaho,16,304,1554439,19.6
2009,2009,Illinois,17,1197,12796778,9.4
2009,2009,Indiana,18,833,6459325,12.9
2009,2009,Iowa,19,362,3032870,11.9
2009,2009,Kansas,20,385,2832704,13.6
2009,2009,Kentucky,21,598,4317074,13.9
2009,2009,Louisiana,22,495,4491648,11
2009,2009,Maine,23,198,1329590,14.9
2009,2009,Maryland,24,569,5730388,9.9
2009,2009,Massachusetts,25,536,6517613,8.2
2009,2009,Michigan,26,1185,9901591,12
2009,2009,Minnesota,27,597,5281203,11.3
2009,2009,Mississippi,28,384,2958774,13
2009,2009,Missouri,29,870,5961088,14.6
2009,2009,Montana,30,219,983982,22.3
2009,2009,Nebraska,31,170,1812683,9.4
2009,2009,Nevada,32,512,2684665,19.1
2009,2009,New Hampshire,33,166,1316102,12.6
2009,2009,New Jersey,34,563,8755602,6.4
2009,2009,New Mexico,35,382,2036802,18.8
2009,2009,New York,36,1442,19307066,7.5
2009,2009,North Carolina,37,1192,9449566,12.6
2009,2009,North Dakota,38,90,664968,13.5
2009,2009,Ohio,39,1192,11528896,10.3
2009,2009,Oklahoma,40,579,3717572,15.6
2009,2009,Oregon,41,650,3808600,17.1
2009,2009,Pennsylvania,42,1645,12666858,13
2009,2009,Rhode Island,44,118,1053646,11.2
2009,2009,South Carolina,45,623,4589872,13.6
2009,2009,South Dakota,46,132,807067,16.4
2009,2009,Tennessee,47,953,6306019,15.1
2009,2009,Texas,48,2841,24801761,11.5
2009,2009,Utah,49,452,2723421,16.6
2009,2009,Vermont,50,87,624817,13.9
2009,2009,Virginia,51,971,7925937,12.3
2009,2009,Washington,53,924,6667426,13.9
2009,2009,West Virginia,54,255,1847775,13.8
2009,2009,Wisconsin,55,729,5669264,12.9
2009,2009,Wyoming,56,113,559851,20.2
2010,2010,Alabama,01,682,4779736,14.3
2010,2010,Alaska,02,166,710231,23.4
2010,2010,Arizona,04,1102,6392017,17.2
2010,2010,Arkansas,05,452,2915918,15.5
2010,2010,California,06,4007,37253956,10.8
2010,2010,Colorado,08,871,5029196,17.3
2010,2010,Connecticut,09,357,3574097,10
2010,2010,Delaware,10,108,897934,12
2010,2010,District of Columbia,11,48,601723,8
2010,2010,Florida,12,2816,18801310,15
2010,2010,Georgia,13,1152,9687653,11.9
2010,2010,Hawaii,15,208,1360301,15.3
2010,2010,Idaho,16,291,1567582,18.6
2010,2010,Illinois,17,1193,12830632,9.3
2010,2010,Indiana,18,872,6483802,13.4
2010,2010,Iowa,19,374,3046355,12.3
2010,2010,Kansas,20,403,2853118,14.1
2010,2010,Kentucky,21,631,4339367,14.5
2010,2010,Louisiana,22,561,4533372,12.4
2010,2010,Maine,23,186,1328361,14
2010,2010,Maryland,24,514,5773552,8.9
2010,2010,Massachusetts,25,602,6547629,9.2
2010,2010,Michigan,26,1280,9883640,13
2010,2010,Minnesota,27,612,5303925,11.5
2010,2010,Mississippi,28,391,2967297,13.2
2010,2010,Missouri,29,870,5988927,14.5
2010,2010,Montana,30,231,989415,23.3
2010,2010,Nebraska,31,195,1826341,10.7
2010,2010,Nevada,32,551,2700551,20.4
2010,2010,New Hampshire,33,199,1316470,15.1
2010,2010,New Jersey,34,725,8791894,8.2
2010,2010,New Mexico,35,418,2059179,20.3
2010,2010,New York,36,1579,19378102,8.1
2010,2010,North Carolina,37,1184,9535483,12.4
2010,2010,North Dakota,38,110,672591,16.4
2010,2010,Ohio,39,1453,11536504,12.6
2010,2010,Oklahoma,40,631,3751351,16.8
2010,2010,Oregon,41,687,3831074,17.9
2010,2010,Pennsylvania,42,1594,12702379,12.5
2010,2010,Rhode Island,44,129,1052567,12.3
2010,2010,South Carolina,45,641,4625364,13.9
2010,2010,South Dakota,46,141,814180,17.3
2010,2010,Tennessee,47,951,6346105,15
2010,2010,Texas,48,2925,25145561,11.6
2010,2010,Utah,49,479,2763885,17.3
2010,2010,Vermont,50,106,625741,16.9
2010,2010,Virginia,51,970,8001024,12.1
2010,2010,Washington,53,967,6724540,14.4
2010,2010,West Virginia,54,279,1852994,15.1
2010,2010,Wisconsin,55,795,5686986,14
2010,2010,Wyoming,56,132,563626,23.4
2011,2011,Alabama,01,664,4802740,13.8
2011,2011,Alaska,02,143,722718,19.8
2011,2011,Arizona,04,1172,6482505,18.1
2011,2011,Arkansas,05,467,2937979,15.9
2011,2011,California,06,4054,37691912,10.8
2011,2011,Colorado,08,924,5116796,18.1
2011,2011,Connecticut,09,372,3580709,10.4
2011,2011,Delaware,10,108,907135,11.9
2011,2011,District of Columbia,11,39,617996,6.3
2011,2011,Florida,12,2915,19057542,15.3
2011,2011,Georgia,13,1170,9815210,11.9
2011,2011,Hawaii,15,184,1374810,13.4
2011,2011,Idaho,16,281,1584985,17.7
2011,2011,Illinois,17,1241,12869257,9.6
2011,2011,Indiana,18,893,6516922,13.7
2011,2011,Iowa,19,425,3062309,13.9
2011,2011,Kansas,20,400,2871238,13.9
2011,2011,Kentucky,21,680,4369356,15.6
2011,2011,Louisiana,22,583,4574836,12.7
2011,2011,Maine,23,236,1328188,17.8
2011,2011,Maryland,24,572,5828289,9.8
2011,2011,Massachusetts,25,591,6587536,9
2011,2011,Michigan,26,1236,9876187,12.5
2011,2011,Minnesota,27,693,5344861,13
2011,2011,Mississippi,28,394,2978512,13.2
2011,2011,Missouri,29,937,6010688,15.6
2011,2011,Montana,30,233,998199,23.3
2011,2011,Nebraska,31,196,1842641,10.6
2011,2011,Nevada,32,521,2723322,19.1
2011,2011,New Hampshire,33,199,1318194,15.1
2011,2011,New Jersey,34,696,8821155,7.9
2011,2011,New Mexico,35,423,2082224,20.3
2011,2011,New York,36,1694,19465197,8.7
2011,2011,North Carolina,37,1219,9656401,12.6
2011,2011,North Dakota,38,106,683932,15.5
2011,2011,Ohio,39,1489,11544951,12.9
2011,2011,Oklahoma,40,697,3791508,18.4
2011,2011,Oregon,41,658,3871859,17
2011,2011,Pennsylvania,42,1753,12742886,13.8
2011,2011,Rhode Island,44,101,1051302,9.6
2011,2011,South Carolina,45,664,4679230,14.2
2011,2011,South Dakota,46,130,824082,15.8
2011,2011,Tennessee,47,962,6403353,15
2011,2011,Texas,48,2930,25674681,11.4
2011,2011,Utah,49,505,2817222,17.9
2011,2011,Vermont,50,121,626431,19.3
2011,2011,Virginia,51,1060,8096604,13.1
2011,2011,Washington,53,1028,6830038,15.1
2011,2011,West Virginia,54,310,1855364,16.7
2011,2011,Wisconsin,55,748,5711767,13.1
2011,2011,Wyoming,56,132,568158,23.2
2012,2012,Alabama,01,729,4822023,15.1
2012,2012,Alaska,02,168,731449,23
2012,2012,Arizona,04,1174,6553255,17.9
2012,2012,Arkansas,05,490,2949131,16.6
2012,2012,California,06,3971,38041430,10.4
2012,2012,Colorado,08,1055,5187582,20.3
2012,2012,Connecticut,09,373,3590347,10.4
2012,2012,Delaware,10,125,917092,13.6
2012,2012,District of Columbia,11,42,632323,6.6
2012,2012,Florida,12,3032,19317568,15.7
2012,2012,Georgia,13,1176,9919945,11.9
2012,2012,Hawaii,15,191,1392313,13.7
2012,2012,Idaho,16,300,1595728,18.8
2012,2012,Illinois,17,1311,12875255,10.2
2012,2012,Indiana,18,953,6537334,14.6
2012,2012,Iowa,19,388,3074186,12.6
2012,2012,Kansas,20,506,2885905,17.5
2012,2012,Kentucky,21,729,4380415,16.6
2012,2012,Louisiana,22,577,4601893,12.5
2012,2012,Maine,23,214,1329192,16.1
2012,2012,Maryland,24,601,5884563,10.2
2012,2012,Massachusetts,25,613,6646144,9.2
2012,2012,Michigan,26,1284,9883360,13
2012,2012,Minnesota,27,665,5379139,12.4
2012,2012,Mississippi,28,416,2984926,13.9
2012,2012,Missouri,29,923,6021988,15.3
2012,2012,Montana,30,234,1005141,23.3
2012,2012,Nebraska,31,234,1855525,12.6
2012,2012,Nevada,32,531,2758931,19.2
2012,2012,New Hampshire,33,202,1320718,15.3
2012,2012,New Jersey,34,693,8864590,7.8
2012,2012,New Mexico,35,450,2085538,21.6
2012,2012,New York,36,1738,19570261,8.9
2012,2012,North Carolina,37,1294,9752073,13.3
2012,2012,North Dakota,38,105,699628,15
2012,2012,Ohio,39,1568,11544225,13.6
2012,2012,Oklahoma,40,677,3814820,17.7
2012,2012,Oregon,41,726,3899353,18.6
2012,2012,Pennsylvania,42,1661,12763536,13
2012,2012,Rhode Island,44,106,1050292,10.1
2012,2012,South Carolina,45,683,4723723,14.5
2012,2012,South Dakota,46,142,833354,17
2012,2012,Tennessee,47,990,6456243,15.3
2012,2012,Texas,48,3071,26059203,11.8
2012,2012,Utah,49,550,2855287,19.3
2012,2012,Vermont,50,87,626011,13.9
2012,2012,Virginia,51,1067,8185867,13
2012,2012,Washington,53,1042,6897012,15.1
2012,2012,West Virginia,54,331,1855413,17.8
2012,2012,Wisconsin,55,730,5726398,12.7
2012,2012,Wyoming,56,171,576412,29.7
2013,2013,Alabama,01,723,4833722,15
2013,2013,Alaska,02,171,735132,23.3
2013,2013,Arizona,04,1174,6626624,17.7
2013,2013,Arkansas,05,521,2959373,17.6
2013,2013,California,06,4104,38332521,10.7
2013,2013,Colorado,08,1011,5268367,19.2
2013,2013,Connecticut,09,332,3596080,9.2
2013,2013,Delaware,10,123,925749,13.3
2013,2013,District of Columbia,11,41,646449,6.3
2013,2013,Florida,12,2969,19552860,15.2
2013,2013,Georgia,13,1232,9992167,12.3
2013,2013,Hawaii,15,172,1404054,12.3
2013,2013,Idaho,16,310,1612136,19.2
2013,2013,Illinois,17,1335,12882135,10.4
2013,2013,Indiana,18,950,6570902,14.5
2013,2013,Iowa,19,452,3090416,14.6
2013,2013,Kansas,20,428,2893957,14.8
2013,2013,Kentucky,21,707,4395295,16.1
2013,2013,Louisiana,22,590,4625470,12.8
2013,2013,Maine,23,247,1328302,18.6
2013,2013,Maryland,24,589,5928814,9.9
2013,2013,Massachusetts,25,582,6692824,8.7
2013,2013,Michigan,26,1308,9895622,13.2
2013,2013,Minnesota,27,686,5420380,12.7
2013,2013,Mississippi,28,391,2991207,13.1
2013,2013,Missouri,29,969,6044171,16
2013,2013,Montana,30,243,1015165,23.9
2013,2013,Nebraska,31,223,1868516,11.9
2013,2013,Nevada,32,544,2790136,19.5
2013,2013,New Hampshire,33,186,1323459,14.1
2013,2013,New Jersey,34,764,8899339,8.6
2013,2013,New Mexico,35,436,2085287,20.9
2013,2013,New York,36,1710,19651127,8.7
2013,2013,North Carolina,37,1292,9848060,13.1
2013,2013,North Dakota,38,131,723393,18.1
2013,2013,Ohio,39,1553,11570808,13.4
2013,2013,Oklahoma,40,673,3850568,17.5
2013,2013,Oregon,41,699,3930065,17.8
2013,2013,Pennsylvania,42,1805,12773801,14.1
2013,2013,Rhode Island,44,133,1051511,12.6
2013,2013,South Carolina,45,701,4774839,14.7
2013,2013,South Dakota,46,149,844877,17.6
2013,2013,Tennessee,47,1037,6495978,16
2013,2013,Texas,48,3103,26448193,11.7
2013,2013,Utah,49,582,2900872,20.1
2013,2013,Vermont,50,113,626630,18
2013,2013,Virginia,51,1080,8260405,13.1
2013,2013,Washington,53,1032,6971406,14.8
2013,2013,West Virginia,54,329,1854304,17.7
2013,2013,Wisconsin,55,855,5742713,14.9
2013,2013,Wyoming,56,131,582658,22.5
2014,2014,Alabama,01,723,4849377,14.9
2014,2014,Alaska,02,168,736732,22.8
2014,2014,Arizona,04,1255,6731484,18.6
2014,2014,Arkansas,05,520,2966369,17.5
2014,2014,California,06,4286,38802500,11
2014,2014,Colorado,08,1098,5355866,20.5
2014,2014,Connecticut,09,381,3596677,10.6
2014,2014,Delaware,10,127,935614,13.6
2014,2014,District of Columbia,11,55,658893,8.3
2014,2014,Florida,12,3069,19893297,15.4
2014,2014,Georgia,13,1307,10097343,12.9
2014,2014,Hawaii,15,209,1419561,14.7
2014,2014,Idaho,16,321,1634464,19.6
2014,2014,Illinois,17,1420,12880580,11
2014,2014,Indiana,18,952,6596855,14.4
2014,2014,Iowa,19,409,3107126,13.2
2014,2014,Kansas,20,457,2904021,15.7
2014,2014,Kentucky,21,732,4413457,16.6
2014,2014,Louisiana,22,684,4649676,14.7
2014,2014,Maine,23,221,1330089,16.6
2014,2014,Maryland,24,626,5976407,10.5
2014,2014,Massachusetts,25,601,6745408,8.9
2014,2014,Michigan,26,1364,9909877,13.8
2014,2014,Minnesota,27,694,5457173,12.7
2014,2014,Mississippi,28,384,2994079,12.8
2014,2014,Missouri,29,1030,6063589,17
2014,2014,Montana,30,255,1023579,24.9
2014,2014,Nebraska,31,253,1881503,13.4
2014,2014,Nevada,32,577,2839099,20.3
2014,2014,New Hampshire,33,247,1326813,18.6
2014,2014,New Jersey,34,798,8938175,8.9
2014,2014,New Mexico,35,452,2085572,21.7
2014,2014,New York,36,1724,19746227,8.7
2014,2014,North Carolina,37,1364,9943964,13.7
2014,2014,North Dakota,38,138,739482,18.7
2014,2014,Ohio,39,1507,11594163,13
2014,2014,Oklahoma,40,742,3878051,19.1
2014,2014,Oregon,41,785,3970239,19.8
2014,2014,Pennsylvania,42,1836,12787209,14.4
2014,2014,Rhode Island,44,118,1055173,11.2
2014,2014,South Carolina,45,761,4832482,15.7
2014,2014,South Dakota,46,142,853175,16.6
2014,2014,Tennessee,47,1003,6549352,15.3
2014,2014,Texas,48,3304,26956958,12.3
2014,2014,Utah,49,562,2942902,19.1
2014,2014,Vermont,50,124,626562,19.8
2014,2014,Virginia,51,1133,8326289,13.6
2014,2014,Washington,53,1130,7061530,16
2014,2014,West Virginia,54,366,1850326,19.8
2014,2014,Wisconsin,55,770,5757564,13.4
2014,2014,Wyoming,56,121,584153,20.7
2015,2015,Alabama,01,753,4858979,15.5
2015,2015,Alaska,02,202,738432,27.4
2015,2015,Arizona,04,1286,6828065,18.8
2015,2015,Arkansas,05,580,2978204,19.5
2015,2015,California,06,4219,39144818,10.8
2015,2015,Colorado,08,1101,5456574,20.2
2015,2015,Connecticut,09,389,3590886,10.8
2015,2015,Delaware,10,124,945934,13.1
2015,2015,District of Columbia,11,37,672228,5.5
2015,2015,Florida,12,3242,20271272,16
2015,2015,Georgia,13,1328,10214860,13
2015,2015,Hawaii,15,202,1431603,14.1
2015,2015,Idaho,16,360,1654930,21.8
2015,2015,Illinois,17,1385,12859995,10.8
2015,2015,Indiana,18,966,6619680,14.6
2015,2015,Iowa,19,434,3123899,13.9
2015,2015,Kansas,20,486,2911641,16.7
2015,2015,Kentucky,21,779,4425092,17.6
2015,2015,Louisiana,22,736,4670724,15.8
2015,2015,Maine,23,238,1329328,17.9
2015,2015,Maryland,24,564,6006401,9.4
2015,2015,Massachusetts,25,651,6794422,9.6
2015,2015,Michigan,26,1431,9922576,14.4
2015,2015,Minnesota,27,740,5489594,13.5
2015,2015,Mississippi,28,437,2992333,14.6
2015,2015,Missouri,29,1061,6083672,17.4
2015,2015,Montana,30,273,1032949,26.4
2015,2015,Nebraska,31,226,1896190,11.9
2015,2015,Nevada,32,563,2890845,19.5
2015,2015,New Hampshire,33,228,1330608,17.1
2015,2015,New Jersey,34,795,8958013,8.9
2015,2015,New Mexico,35,506,2085109,24.3
2015,2015,New York,36,1674,19795791,8.5
2015,2015,North Carolina,37,1415,10042802,14.1
2015,2015,North Dakota,38,126,756927,16.6
2015,2015,Ohio,39,1669,11613423,14.4
2015,2015,Oklahoma,40,801,3911338,20.5
2015,2015,Oregon,41,766,4028977,19
2015,2015,Pennsylvania,42,1922,12802503,15
2015,2015,Rhode Island,44,128,1056298,12.1
2015,2015,South Carolina,45,749,4896146,15.3
2015,2015,South Dakota,46,173,858469,20.2
2015,2015,Tennessee,47,1075,6600299,16.3
2015,2015,Texas,48,3428,27469114,12.5
2015,2015,Utah,49,633,2995919,21.1
2015,2015,Vermont,50,104,626042,16.6
2015,2015,Virginia,51,1124,8382993,13.4
2015,2015,Washington,53,1147,7170351,16
2015,2015,West Virginia,54,341,1844128,18.5
2015,2015,Wisconsin,55,892,5771337,15.5
2015,2015,Wyoming,56,157,586107,26.8
2016,2016,Alabama,01,796,4863300,16.4
2016,2016,Alaska,02,195,741894,26.3
2016,2016,Arizona,04,1283,6931071,18.5
2016,2016,Arkansas,05,558,2988248,18.7
2016,2016,California,06,4353,39250017,11.1
2016,2016,Colorado,08,1178,5540545,21.3
2016,2016,Connecticut,09,399,3576452,11.2
2016,2016,Delaware,10,120,952065,12.6
2016,2016,District of Columbia,11,43,681170,6.3
2016,2016,Florida,12,3178,20612439,15.4
2016,2016,Georgia,13,1418,10310371,13.8
2016,2016,Hawaii,15,175,1428557,12.3
2016,2016,Idaho,16,351,1683140,20.9
2016,2016,Illinois,17,1440,12801539,11.2
2016,2016,Indiana,18,1039,6633053,15.7
2016,2016,Iowa,19,454,3134693,14.5
2016,2016,Kansas,20,516,2907289,17.7
2016,2016,Kentucky,21,761,4436974,17.2
2016,2016,Louisiana,22,692,4681666,14.8
2016,2016,Maine,23,228,1331479,17.1
2016,2016,Maryland,24,597,6016447,9.9
2016,2016,Massachusetts,25,639,6811779,9.4
2016,2016,Michigan,26,1379,9928300,13.9
2016,2016,Minnesota,27,753,5519952,13.6
2016,2016,Mississippi,28,384,2988726,12.8
2016,2016,Missouri,29,1137,6093000,18.7
2016,2016,Montana,30,270,1042520,25.9
2016,2016,Nebraska,31,246,1907116,12.9
2016,2016,Nevada,32,653,2940058,22.2
2016,2016,New Hampshire,33,245,1334795,18.4
2016,2016,New Jersey,34,695,8944469,7.8
2016,2016,New Mexico,35,473,2081015,22.7
2016,2016,New York,36,1708,19745289,8.7
2016,2016,North Carolina,37,1385,10146788,13.6
2016,2016,North Dakota,38,140,757952,18.5
2016,2016,Ohio,39,1728,11614373,14.9
2016,2016,Oklahoma,40,835,3923561,21.3
2016,2016,Oregon,41,777,4093465,19
2016,2016,Pennsylvania,42,1991,12784227,15.6
2016,2016,Rhode Island,44,128,1056426,12.1
2016,2016,South Carolina,45,819,4961119,16.5
2016,2016,South Dakota,46,163,865454,18.8
2016,2016,Tennessee,47,1122,6651194,16.9
2016,2016,Texas,48,3533,27862596,12.7
2016,2016,Utah,49,620,3051217,20.3
2016,2016,Vermont,50,119,624594,19.1
2016,2016,Virginia,51,1171,8411808,13.9
2016,2016,Washington,53,1157,7288000,15.9
2016,2016,West Virginia,54,365,1831102,19.9
2016,2016,Wisconsin,55,872,5778708,15.1
2016,2016,Wyoming,56,144,585501,24.6
2017,2017,Alabama,01,844,4874747,17.3
2017,2017,Alaska,02,202,739795,27.3
2017,2017,Arizona,04,1335,7016270,19
2017,2017,Arkansas,05,635,3004279,21.1
2017,2017,California,06,4371,39536653,11.1
2017,2017,Colorado,08,1194,5607154,21.3
2017,2017,Connecticut,09,408,3588184,11.4
2017,2017,Delaware,10,114,961939,11.9
2017,2017,District of Columbia,11,48,693972,6.9
2017,2017,Florida,12,3260,20984400,15.5
2017,2017,Georgia,13,1458,10429379,14
2017,2017,Hawaii,15,230,1427538,16.1
2017,2017,Idaho,16,393,1716943,22.9
2017,2017,Illinois,17,1492,12802023,11.7
2017,2017,Indiana,18,1098,6666818,16.5
2017,2017,Iowa,19,482,3145711,15.3
2017,2017,Kansas,20,555,2913123,19.1
2017,2017,Kentucky,21,782,4454189,17.6
2017,2017,Louisiana,22,730,4684333,15.6
2017,2017,Maine,23,274,1335907,20.5
2017,2017,Maryland,24,642,6052177,10.6
2017,2017,Massachusetts,25,685,6859819,10
2017,2017,Michigan,26,1466,9962311,14.7
2017,2017,Minnesota,27,790,5576606,14.2
2017,2017,Mississippi,28,446,2984100,14.9
2017,2017,Missouri,29,1162,6113532,19
2017,2017,Montana,30,312,1050493,29.7
2017,2017,Nebraska,31,276,1920076,14.4
2017,2017,Nevada,32,633,2998039,21.1
2017,2017,New Hampshire,33,267,1342795,19.9
2017,2017,New Jersey,34,801,9005644,8.9
2017,2017,New Mexico,35,494,2088070,23.7
2017,2017,New York,36,1726,19849399,8.7
2017,2017,North Carolina,37,1529,10273419,14.9
2017,2017,North Dakota,38,154,755393,20.4
2017,2017,Ohio,39,1767,11658609,15.2
2017,2017,Oklahoma,40,773,3930864,19.7
2017,2017,Oregon,41,831,4142776,20.1
2017,2017,Pennsylvania,42,2050,12805537,16
2017,2017,Rhode Island,44,129,1059639,12.2
2017,2017,South Carolina,45,839,5024369,16.7
2017,2017,South Dakota,46,192,869666,22.1
2017,2017,Tennessee,47,1174,6715984,17.5
2017,2017,Texas,48,3823,28304596,13.5
2017,2017,Utah,49,665,3101833,21.4
2017,2017,Vermont,50,114,623657,18.3
2017,2017,Virginia,51,1184,8470020,14
2017,2017,Washington,53,1306,7405743,17.6
2017,2017,West Virginia,54,396,1815857,21.8
2017,2017,Wisconsin,55,936,5795483,16.2
2017,2017,Wyoming,56,159,579315,27.4
2018,2018,Alabama,01,824,4887871,16.9
2018,2018,Alaska,02,186,737438,25.2
2018,2018,Arizona,04,1454,7171646,20.3
2018,2018,Arkansas,05,556,3013825,18.4
2018,2018,California,06,4548,39557045,11.5
2018,2018,Colorado,08,1293,5695564,22.7
2018,2018,Connecticut,09,421,3572665,11.8
2018,2018,Delaware,10,114,967171,11.8
2018,2018,District of Columbia,11,57,702455,8.1
2018,2018,Florida,12,3594,21299325,16.9
2018,2018,Georgia,13,1576,10519475,15
2018,2018,Hawaii,15,176,1420491,12.4
2018,2018,Idaho,16,420,1754208,23.9
2018,2018,Illinois,17,1499,12741080,11.8
2018,2018,Indiana,18,1084,6691878,16.2
2018,2018,Iowa,19,490,3156145,15.5
2018,2018,Kansas,20,566,2911505,19.4
2018,2018,Kentucky,21,805,4468402,18
2018,2018,Louisiana,22,730,4659978,15.7
2018,2018,Maine,23,271,1338404,20.2
2018,2018,Maryland,24,665,6042718,11
2018,2018,Massachusetts,25,746,6902149,10.8
2018,2018,Michigan,26,1558,9995915,15.6
2018,2018,Minnesota,27,745,5611179,13.3
2018,2018,Mississippi,28,424,2986530,14.2
2018,2018,Missouri,29,1240,6126452,20.2
2018,2018,Montana,30,265,1062305,24.9
2018,2018,Nebraska,31,271,1929268,14
2018,2018,Nevada,32,660,3034392,21.8
2018,2018,New Hampshire,33,279,1356458,20.6
2018,2018,New Jersey,34,784,8908520,8.8
2018,2018,New Mexico,35,543,2095428,25.9
2018,2018,New York,36,1746,19542209,8.9
2018,2018,North Carolina,37,1509,10383620,14.5
2018,2018,North Dakota,38,147,760077,19.3
2018,2018,Ohio,39,1861,11689442,15.9
2018,2018,Oklahoma,40,805,3943079,20.4
2018,2018,Oregon,41,846,4190713,20.2
2018,2018,Pennsylvania,42,2025,12807060,15.8
2018,2018,Rhode Island,44,106,1057315,10
2018,2018,South Carolina,45,815,5084127,16
2018,2018,South Dakota,46,169,882235,19.2
2018,2018,Tennessee,47,1169,6770010,17.3
2018,2018,Texas,48,3973,28701845,13.8
2018,2018,Utah,49,667,3161105,21.1
2018,2018,Vermont,50,128,626299,20.4
2018,2018,Virginia,51,1254,8517685,14.7
2018,2018,Washington,53,1266,7535591,16.8
2018,2018,West Virginia,54,396,1805832,21.9
2018,2018,Wisconsin,55,897,5813568,15.4
2018,2018,Wyoming,56,148,577737,25.6
2019,2019,Alabama,01,806,4903185,16.4
2019,2019,Alaska,02,212,731545,29
2019,2019,Arizona,04,1431,7278717,19.7
2019,2019,Arkansas,05,551,3017804,18.3
2019,2019,California,06,4504,39512223,11.4
2019,2019,Colorado,08,1323,5758736,23
2019,2019,Connecticut,09,435,3565287,12.2
2019,2019,Delaware,10,111,973764,11.4
2019,2019,District of Columbia,11,45,705749,6.4
2019,2019,Florida,12,3496,21477737,16.3
2019,2019,Georgia,13,1594,10617423,15
2019,2019,Hawaii,15,224,1415872,15.8
2019,2019,Idaho,16,365,1787065,20.4
2019,2019,Illinois,17,1452,12671821,11.5
2019,2019,Indiana,18,979,6732219,14.5
2019,2019,Iowa,19,531,3155070,16.8
2019,2019,Kansas,20,529,2913314,18.2
2019,2019,Kentucky,21,759,4467673,17
2019,2019,Louisiana,22,717,4648794,15.4
2019,2019,Maine,23,277,1344212,20.6
2019,2019,Maryland,24,669,6045680,11.1
2019,2019,Massachusetts,25,649,6892503,9.4
2019,2019,Michigan,26,1478,9986857,14.8
2019,2019,Minnesota,27,837,5639632,14.8
2019,2019,Mississippi,28,440,2976149,14.8
2019,2019,Missouri,29,1152,6137428,18.8
2019,2019,Montana,30,291,1068778,27.2
2019,2019,Nebraska,31,310,1934408,16
2019,2019,Nevada,32,645,3080156,20.9
2019,2019,New Hampshire,33,255,1359711,18.8
2019,2019,New Jersey,34,767,8882190,8.6
2019,2019,New Mexico,35,519,2096829,24.8
2019,2019,New York,36,1729,19453561,8.9
2019,2019,North Carolina,37,1373,10488084,13.1
2019,2019,North Dakota,38,138,762062,18.1
2019,2019,Ohio,39,1821,11689100,15.6
2019,2019,Oklahoma,40,822,3956971,20.8
2019,2019,Oregon,41,913,4217737,21.6
2019,2019,Pennsylvania,42,1912,12801989,14.9
2019,2019,Rhode Island,44,127,1059361,12
2019,2019,South Carolina,45,858,5148714,16.7
2019,2019,South Dakota,46,183,884659,20.7
2019,2019,Tennessee,47,1222,6829174,17.9
2019,2019,Texas,48,3918,28995881,13.5
2019,2019,Utah,49,656,3205958,20.5
2019,2019,Vermont,50,110,623989,17.6
2019,2019,Virginia,51,1146,8535519,13.4
2019,2019,Washington,53,1270,7614893,16.7
2019,2019,West Virginia,54,331,1792147,18.5
2019,2019,Wisconsin,55,854,5822434,14.7
2019,2019,Wyoming,56,170,578759,29.4
2020,2020,Alabama,01,799,4921532,16.2
2020,2020,Alaska,02,206,731158,28.2
2020,2020,Arizona,04,1377,7421401,18.6
2020,2020,Arkansas,05,588,3030522,19.4
2020,2020,California,06,4224,39368078,10.7
2020,2020,Colorado,08,1313,5807719,22.6
2020,2020,Connecticut,09,367,3557006,10.3
2020,2020,Delaware,10,125,986809,12.7
2020,2020,District of Columbia,11,41,712816,5.8
2020,2020,Florida,12,3158,21733312,14.5
2020,2020,Georgia,13,1502,10710017,14
2020,2020,Hawaii,15,187,1407006,13.3
2020,2020,Idaho,16,420,1826913,23
2020,2020,Illinois,17,1370,12587530,10.9
2020,2020,Indiana,18,1029,6754953,15.2
2020,2020,Iowa,19,557,3163561,17.6
2020,2020,Kansas,20,532,2913805,18.3
2020,2020,Kentucky,21,805,4477251,18
2020,2020,Louisiana,22,652,4645318,14
2020,2020,Maine,23,235,1350141,17.4
2020,2020,Maryland,24,596,6055802,9.8
2020,2020,Massachusetts,25,633,6893574,9.2
2020,2020,Michigan,26,1460,9966555,14.6
2020,2020,Minnesota,27,764,5657342,13.5
2020,2020,Mississippi,28,414,2966786,14
2020,2020,Missouri,29,1135,6151548,18.5
2020,2020,Montana,30,302,1080577,27.9
2020,2020,Nebraska,31,284,1937552,14.7
2020,2020,Nevada,32,609,3138259,19.4
2020,2020,New Hampshire,33,235,1366275,17.2
2020,2020,New Jersey,34,685,8882371,7.7
2020,2020,New Mexico,35,520,2106319,24.7
2020,2020,New York,36,1674,19336776,8.7
2020,2020,North Carolina,37,1449,10600823,13.7
2020,2020,North Dakota,38,136,765309,17.8
2020,2020,Ohio,39,1665,11693217,14.2
2020,2020,Oklahoma,40,874,3980783,22
2020,2020,Oregon,41,838,4241507,19.8
2020,2020,Pennsylvania,42,1718,12783254,13.4
2020,2020,Rhode Island,44,94,1057125,8.9
2020,2020,South Carolina,45,872,5218040,16.7
2020,2020,South Dakota,46,188,892717,21.1
2020,2020,Tennessee,47,1224,6886834,17.8
2020,2020,Texas,48,3964,29360759,13.5
2020,2020,Utah,49,654,3249879,20.1
2020,2020,Vermont,50,117,623347,18.8
2020,2020,Virginia,51,1211,8590563,14.1
2020,2020,Washington,53,1225,7693612,15.9
2020,2020,West Virginia,54,354,1784787,19.8
2020,2020,Wisconsin,55,875,5832655,15
2020,2020,Wyoming,56,182,582328,31.3
2021,2021,Alabama,01,830,5039877,16.5
2021,2021,Alaska,02,222,732673,30.3
2021,2021,Arizona,04,1492,7276316,20.5
2021,2021,Arkansas,05,622,3025891,20.6
2021,2021,California,06,4220,39237836,10.8
2021,2021,Colorado,08,1397,5812069,24
2021,2021,Connecticut,09,404,3605597,11.2
2021,2021,Delaware,10,138,1003384,13.8
2021,2021,District of Columbia,11,54,670050,8.1
2021,2021,Florida,12,3381,21781128,15.5
2021,2021,Georgia,13,1683,10799566,15.6
2021,2021,Hawaii,15,204,1441553,14.2
2021,2021,Idaho,16,389,1900923,20.5
2021,2021,Illinois,17,1467,12671469,11.6
2021,2021,Indiana,18,1136,6805985,16.7
2021,2021,Iowa,19,552,3193079,17.3
2021,2021,Kansas,20,563,2934582,19.2
2021,2021,Kentucky,21,821,4509394,18.2
2021,2021,Louisiana,22,699,4624047,15.1
2021,2021,Maine,23,279,1372247,20.3
2021,2021,Maryland,24,631,6165129,10.2
2021,2021,Massachusetts,25,612,6984723,8.8
2021,2021,Michigan,26,1501,10050811,14.9
2021,2021,Minnesota,27,819,5707390,14.3
2021,2021,Mississippi,28,480,2949965,16.3
2021,2021,Missouri,29,1189,6168187,19.3
2021,2021,Montana,30,354,1104271,32.1
2021,2021,Nebraska,31,291,1963692,14.8
2021,2021,Nevada,32,692,3143991,22
2021,2021,New Hampshire,33,224,1388992,16.1
2021,2021,New Jersey,34,695,9267130,7.5
2021,2021,New Mexico,35,536,2115877,25.3
2021,2021,New York,36,1693,19835913,8.5
2021,2021,North Carolina,37,1466,10551162,13.9
2021,2021,North Dakota,38,156,774948,20.1
2021,2021,Ohio,39,1788,11780017,15.2
2021,2021,Oklahoma,40,888,3986639,22.3
2021,2021,Oregon,41,896,4246155,21.1
2021,2021,Pennsylvania,42,1901,12964056,14.7
2021,2021,Rhode Island,44,118,1095610,10.8
2021,2021,South Carolina,45,807,5190705,15.5
2021,2021,South Dakota,46,204,895376,22.8
2021,2021,Tennessee,47,1233,6975218,17.7
2021,2021,Texas,48,4240,29527941,14.4
2021,2021,Utah,49,644,3337975,19.3
2021,2021,Vermont,50,144,645570,22.3
2021,2021,Virginia,51,1196,8642274,13.8
2021,2021,Washington,53,1240,7738692,16
2021,2021,West Virginia,54,376,1782959,21.1
2021,2021,Wisconsin,55,913,5895908,15.5
2021,2021,Wyoming,56,191,578803,33
2022,2022,Alabama,01,845,5074296,16.7
2022,2022,Alaska,02,203,733583,27.7
2022,2022,Arizona,04,1621,7359197,22
2022,2022,Arkansas,05,551,3045637,18.1
2022,2022,California,06,4399,39029342,11.3
2022,2022,Colorado,08,1308,5839926,22.4
2022,2022,Connecticut,09,404,3626205,11.1
2022,2022,Delaware,10,133,1018396,13.1
2022,2022,District of Columbia,11,46,671803,6.8
2022,2022,Florida,12,3480,22244823,15.6
2022,2022,Georgia,13,1640,10912876,15
2022,2022,Hawaii,15,249,1440196,17.3
2022,2022,Idaho,16,446,1939033,23
2022,2022,Illinois,17,1566,12582032,12.4
2022,2022,Indiana,18,1159,6833037,17
2022,2022,Iowa,19,593,3200517,18.5
2022,2022,Kansas,20,601,2937150,20.5
2022,2022,Kentucky,21,830,4512310,18.4
2022,2022,Louisiana,22,742,4590241,16.2
2022,2022,Maine,23,270,1385340,19.5
2022,2022,Maryland,24,631,6164660,10.2
2022,2022,Massachusetts,25,636,6981974,9.1
2022,2022,Michigan,26,1537,10034113,15.3
2022,2022,Minnesota,27,870,5717184,15.2
2022,2022,Mississippi,28,422,2940057,14.4
2022,2022,Missouri,29,1234,6177957,20
2022,2022,Montana,30,331,1122867,29.5
2022,2022,Nebraska,31,310,1967923,15.8
2022,2022,Nevada,32,705,3177772,22.2
2022,2022,New Hampshire,33,248,1395231,17.8
2022,2022,New Jersey,34,778,9261699,8.4
2022,2022,New Mexico,35,532,2113344,25.2
2022,2022,New York,36,1801,19677151,9.2
2022,2022,North Carolina,37,1634,10698973,15.3
2022,2022,North Dakota,38,169,779261,21.7
2022,2022,Ohio,39,1835,11756058,15.6
2022,2022,Oklahoma,40,872,4019800,21.7
2022,2022,Oregon,41,891,4240137,21
2022,2022,Pennsylvania,42,1978,12972008,15.2
2022,2022,Rhode Island,44,127,1093734,11.6
2022,2022,South Carolina,45,860,5282634,16.3
2022,2022,South Dakota,46,194,909824,21.3
2022,2022,Tennessee,47,1257,7051339,17.8
2022,2022,Texas,48,4423,30029572,14.7
2022,2022,Utah,49,720,3380800,21.3
2022,2022,Vermont,50,130,647064,20.1
2022,2022,Virginia,51,1225,8683619,14.1
2022,2022,Washington,53,1261,7785786,16.2
2022,2022,West Virginia,54,356,1775156,20.1
2022,2022,Wisconsin,55,931,5892539,15.8
2022,2022,Wyoming,56,156,581381,26.8